<?xml version="1.0" encoding="UTF-8"?>
<project-private xmlns="http://www.netbeans.org/ns/project-private/1">
    <editor-bookmarks xmlns="http://www.netbeans.org/ns/editor-bookmarks/2" lastBookmarkId="0"/>
    <open-files xmlns="http://www.netbeans.org/ns/projectui-open-files/2">
        <group>
            <file>file:/F:/AdvanceJAVA%20With%20Netbeans/Servlet%20Part/E-Farming/web/style.css</file>
            <file>file:/F:/AdvanceJAVA%20With%20Netbeans/Servlet%20Part/E-Farming/src/java/mypackage/ProductServlet.java</file>
            <file>file:/F:/AdvanceJAVA%20With%20Netbeans/Servlet%20Part/E-Farming/src/java/mypackage/MyConnection.java</file>
            <file>file:/F:/AdvanceJAVA%20With%20Netbeans/Servlet%20Part/E-Farming/src/java/mypackage/RegisterServlet.java</file>
            <file>file:/F:/AdvanceJAVA%20With%20Netbeans/Servlet%20Part/E-Farming/web/index.jsp</file>
            <file>file:/F:/AdvanceJAVA%20With%20Netbeans/Servlet%20Part/E-Farming/web/thanks.jsp</file>
            <file>file:/F:/AdvanceJAVA%20With%20Netbeans/Servlet%20Part/E-Farming/src/java/mypackage/User.java</file>
            <file>file:/F:/AdvanceJAVA%20With%20Netbeans/Servlet%20Part/E-Farming/web/login.jsp</file>
            <file>file:/F:/AdvanceJAVA%20With%20Netbeans/Servlet%20Part/E-Farming/web/profile.jsp</file>
            <file>file:/F:/AdvanceJAVA%20With%20Netbeans/Servlet%20Part/E-Farming/web/error.jsp</file>
            <file>file:/F:/AdvanceJAVA%20With%20Netbeans/Servlet%20Part/E-Farming/src/java/mypackage/Logout.java</file>
            <file>file:/F:/AdvanceJAVA%20With%20Netbeans/Servlet%20Part/E-Farming/web/about.jsp</file>
            <file>file:/F:/AdvanceJAVA%20With%20Netbeans/Servlet%20Part/E-Farming/web/registration.jsp</file>
            <file>file:/F:/AdvanceJAVA%20With%20Netbeans/Servlet%20Part/E-Farming/src/java/mypackage/UserDb.java</file>
            <file>file:/F:/AdvanceJAVA%20With%20Netbeans/Servlet%20Part/E-Farming/web/index.js</file>
            <file>file:/F:/AdvanceJAVA%20With%20Netbeans/Servlet%20Part/E-Farming/src/java/mypackage/LoginServlet.java</file>
            <file>file:/F:/AdvanceJAVA%20With%20Netbeans/Servlet%20Part/E-Farming/web/welcome.jsp</file>
        </group>
    </open-files>
</project-private>
